{
    "classification": {
        "train": {
            "accuracy": 0.8835034013605442,
            "f1": 0.573208722741433
        },
        "test": {
            "accuracy": 0.8843537414965986,
            "f1": 0.39285714285714285
        }
    },
    "regression": {
        "train": {
            "r2": 0.9999342540759966,
            "rmse": 0.005202027536418966,
            "mae": 0.004053849537124206
        },
        "test": {
            "r2": 0.9998526720964436,
            "rmse": 0.007958540614591916,
            "mae": 0.005916402904175283
        }
    }
}